Pillar,Category,Level Description,Level,Impact,DDMType,ID/Internal Name,Maintenance Ref,Display Name,Summary,Full Description,Content Type,CTAButtonTitle,Region,Frequency,Action_Provider,CTAURL,"ApplicableAgeRange (from-to, separated by comma)",Applicable Genders (separated by comma),ApplicableEmploymentStatuses (separated by comma),Website Reference,MA Marketplace,Action_Provider,Provider_category,CTAURL,Delivery,Postcode,Free_paid,Afilliate payable,Affiliate platform,Start date,End date,Trust Pilot Rating,Trustpilot url,ESG Concerns,Review Date,G,Action_Provider,Provider_category,CTAURL,Delivery,Postcode,Free_paid,Afilliate payable,Affiliate platform,Start date,End date,Trust Pilot Rating,Trustpilot url,ESG Concerns,Review Date,G,Action_Provider,Provider_category,CTAURL,Delivery,Postcode,Free_paid,Afilliate payable,Affiliate platform,Start date,End date,Trust Pilot Rating,Trustpilot url,ESG Concerns,Review Date,G,Action_Provider,Provider_category,CTAURL,Delivery,Postcode,Free_paid,Afilliate payable,Affiliate platform,Start date,End date,Trust Pilot Rating,Trustpilot url,ESG Concerns,Review Date,END
Community,Belong,Outer circle,3,3,Development,1000,1001,Religious services ,Attending religious services for longer life,Learn more about if your beliefs align with a particular religion and how regularly attending services could be good for your health.,"A study has shown that attending religious services and having that support structure has many benefits, including helping them to live longer as well as lowering blood pressure and cardiovascular disease. Read this article to hear more about the research. ",Read,UK,,,,0-99,"Male, Female, Non-conforming","Working, Retired, Not-Working","https://link.springer.com/article/10.1007/s10943-013-9783-1, https://journals.plos.org/plosone/article?id=10.1371/journal.pone.0189134",,Medical news today ,Content writer ,https://www.medicalnewstoday.com/articles/320581,Online,N/A,Free,No,None,,,2,https://uk.trustpilot.com/review/www.medicalnewstoday.com,N/A,Yearly,,Nature,Content writer,https://www.nature.com/articles/news.2008.990,Online,N/A,Free,No,None,,,2.1,https://uk.trustpilot.com/review/nature.com,N/A,Yearly,,Life coach code,Content writer,https://www.lifecoachcode.com/2021/08/22/how-to-find-the-right-religion-for-you/,Online,N/A,Free,No,None,,,N/A,N/A,N/A,Quarterly,,,,,,,,,,,,,,,,
Community,Belong,Outer circle,3,3,Maintenance,1001,,Services near you,Find a religious service,Find a religious service that fits with your belief system and attend weekly services.,,Sign up,UK,Weekly,Nature,https://www.nature.com/articles/news.2008.990,0-99,"Male, Female, Non-conforming","Working, Retired, Not-Working","https://link.springer.com/article/10.1007/s10943-013-9783-1, https://journals.plos.org/plosone/article?id=10.1371/journal.pone.0189134",,Nature,Content writer,https://www.nature.com/articles/news.2008.990,Online,N/A,Free,No,None,,,2.1,https://uk.trustpilot.com/review/nature.com,N/A,Yearly,,,,,,,,,,,,,,,,,,,,,,,,,,,,,,,,,,,,,,,,,,,,,,
Community,Contribute,Giving back,4,3,Development,1002,1003,Volunteer projects,Learn about volunteering projects for over 50s,Learn about the benefits of volunteering as well as volunteering project developed for those over the age of 50.,"Helping others can be an excellent way to connect with others, as well as your community. Volunteering impacts everyone involved and is a rewarding endeavour with numerous benefits.",Read,UK,,,,50-99,"Male, Female, Non-conforming","Working, Retired, Not-Working",https://academic.oup.com/psychsocgerontology/article/58/3/S137/583366,,Volunteering matters,Charity,https://volunteeringmatters.org.uk/pillars/older-people/,Online,N/A,Free,No,None,,,N/A,N/A,N/A,Quarterly,,Help guide,Chairty,https://www.helpguide.org/articles/healthy-living/volunteering-and-its-surprising-benefits.htm,Online,N/A,Free,No,None,,,N/A,N/A,N/A,Quarterly,,Harvard Health ,Company,https://www.health.harvard.edu/blog/volunteering-may-be-good-for-body-and-mind-201306266428,Online,N/A,Free,No,None,,,N/A,N/A,N/A,Quarterly,,,,,,,,,,,,,,,,
Community,Contribute,Giving back,4,3,Maintenance,1003,,Volunteer your time,Volunteering projects for over 50s,Join a volunteering project developed for those over the age of 50.,,Sign up,UK,Weekly,Volunteering matters,https://volunteeringmatters.org.uk/pillars/older-people/,50-99,"Male, Female, Non-conforming","Working, Retired, Not-Working",https://academic.oup.com/psychsocgerontology/article/58/3/S137/583366,,Volunteering matters,Charity,https://volunteeringmatters.org.uk/pillars/older-people/,Online,N/A,Free,No,None,,,N/A,N/A,N/A,Quarterly,,,,,,,,,,,,,,,,,,,,,,,,,,,,,,,,,,,,,,,,,,,,,,
Community,Contribute,Giving back,5,2,Development,1004,1005,Volunteer for Scouts,Learn about volunteering to teach young minds new skills,"Were you a Scout, do you have skills that could be useful to teach young minds? Learn more about volunteering with the Scouts to help teach children new skills.",Volunteering with the Scouts is not only about giving your time and skills. It's also about making a difference in the lives of young people and helping them develop skills that will last a lifetime.,Read,UK,,,,0-99,"Male, Female, Non-conforming","Working, Retired, Not-Working",https://academic.oup.com/psychsocgerontology/article/58/3/S137/583366,,Scouts,Charity,https://www.scouts.org.uk/volunteer/volunteering-with-scouts/what-do-volunteers-do/,Online,N/A,Free,No,None,,,N/A,N/A,N/A,Quarterly,,Go outdoors,Content writer,https://blog.gooutdoors.co.uk/how-and-why-to-volunteer-for-the-scout-association/,Online,N/A,Free,No,None,,,4.6,https://uk.trustpilot.com/review/www.gooutdoors.co.uk,N/A,Yearly,,Her campus,Content writer,https://www.hercampus.com/school/leeds/benefits-volunteering-scouts/,Online,N/A,Free,No,None,,,N/A,N/A,N/A,Quarterly,,,,,,,,,,,,,,,,
Community,Contribute,Giving back,5,2,Maintenance,1005,,Scouts volunteering,Volunteer to teach young minds new skills,Sign up to start volunteering with Scouts to help teach children new skills and use your skills to help improve their lives while helping you to benefit from the benefits of volunteering.,,Sign up,UK,Weekly,Scouts,https://www.scouts.org.uk/volunteer/volunteering-with-scouts/what-do-volunteers-do/,0-99,"Male, Female, Non-conforming","Working, Retired, Not-Working",https://academic.oup.com/psychsocgerontology/article/58/3/S137/583366,,Scouts,Charity,https://www.scouts.org.uk/volunteer/volunteering-with-scouts/what-do-volunteers-do/,Online,N/A,Free,No,None,,,N/A,N/A,N/A,Quarterly,,,,,,,,,,,,,,,,,,,,,,,,,,,,,,,,,,,,,,,,,,,,,,
Community,Contribute,Giving back,5,2,Development,1006,1007,Volunteer your skill,Learn about teaching others your skill,"If you have a particular skill, that you think would be useful to others, learn more about how to teach your skill to help benefit others.","Teaching others offers the opportunity to change other people's lives permanently, for the better. By helping others, you can help to develop somebody's subject knowledge and maybe even their mind and personality. Teaching others is an incredibly rewarding thing to do.",Read,UK,,,,0-99,"Male, Female, Non-conforming","Working, Retired, Not-Working",https://academic.oup.com/psychsocgerontology/article/58/3/S137/583366,,University of the third age,Charity,https://www.u3a.org.uk/index.php,Online,N/A,Free,No,None,,,N/A,N/A,N/A,Quarterly,,Skills you need,Content writer,https://www.skillsyouneed.com/learn/teaching-skills.html,Online,N/A,Free,No,None,,,N/A,N/A,N/A,Quarterly,,Inc,Content writer,https://www.inc.com/kevin-daum/how-to-teach-anything-to-anyone.html,Online,N/A,Free,No,None,,,3.2,https://uk.trustpilot.com/review/inc.com,N/A,Yearly,,,,,,,,,,,,,,,,
Community,Contribute,Giving back,5,2,Maintenance,1007,,Share your skill,Teach others your skill,"Do you have a particular skill that you think would be useful to others? From art to zoology, volunteer some of your time to help teach others a skill that you have.",,Sign up,UK,Weekly,University of the third age,https://www.u3a.org.uk/index.php,0-99,"Male, Female, Non-conforming","Working, Retired, Not-Working",https://academic.oup.com/psychsocgerontology/article/58/3/S137/583366,,University of the third age,Charity,https://www.u3a.org.uk/index.php,Online,N/A,Free,No,None,,,N/A,N/A,N/A,Quarterly,,,,,,,,,,,,,,,,,,,,,,,,,,,,,,,,,,,,,,,,,,,,,,
Community,Contribute,Giving back,5,3,Development,1008,1009,Raise a Guide dog,Learn about becoming a guide dog puppy raiser ,"Learn more about becoming a guide dog puppy raiser, for those with a love of animals, with extra love and time to give towards making a big difference in someone life.","Volunteer puppy raisers receive a pup when they are approximately 8 weeks old and will teach them house manners, provide socialisation experiences, and prepare them for their future career as a guide dog. Creating a rewarding experience for yourself, while helping others.",Read,UK,,,,0-99,"Male, Female, Non-conforming","Working, Retired, Not-Working","https://books.google.co.uk/books?hl=en&lr=&id=LzrLBAAAQBAJ&oi=fnd&pg=PA19&dq=benefits+of+pets+on+elderly&ots=a5gPjj1eeX&sig=2ocgF3mxfZavt295fZpgw64C8Dk&redir_esc=y#v=onepage&q=benefits%20of%20pets%20on%20elderly&f=false, https://www.tandfonline.com/doi/abs/10.1300/J052v15n03_02",,Guide dogs ,Charity ,https://www.guidedogs.org.uk/how-you-can-help/volunteering-for-guide-dogs/volunteer-role-descriptions/puppy-raiser/,Online,N/A,Free,No,None,,,N/A,N/A,N/A,Quarterly,,Country living,Company,https://www.countryliving.com/uk/wildlife/pets/a42529255/raise-puppy-guide-dogs-uk/,Online,N/A,Free,No,None,,,2.8,https://uk.trustpilot.com/review/www.countryliving.com,N/A,Yearly,,BBC,Company,https://www.bbc.co.uk/news/av/uk-64148085,Online,N/A,Free,No,None,,,1.2,https://uk.trustpilot.com/review/www.bbc.co.uk,N/A,Yearly,,,,,,,,,,,,,,,,
Community,Contribute,Giving back,5,3,Maintenance,1009,,Guide dog raising,Apply to become a guide dog puppy raiser ,"If you love dogs and would like to make a difference in someone's life, apply to become a guide dog puppy raiser, and help to raise a puppy as it begins its journey to be a guide dog.",,Sign up,UK,Daily,Guide dogs ,https://www.guidedogs.org.uk/how-you-can-help/volunteering-for-guide-dogs/volunteer-role-descriptions/puppy-raiser/,0-99,"Male, Female, Non-conforming","Working, Retired, Not-Working","https://books.google.co.uk/books?hl=en&lr=&id=LzrLBAAAQBAJ&oi=fnd&pg=PA19&dq=benefits+of+pets+on+elderly&ots=a5gPjj1eeX&sig=2ocgF3mxfZavt295fZpgw64C8Dk&redir_esc=y#v=onepage&q=benefits%20of%20pets%20on%20elderly&f=false, https://www.tandfonline.com/doi/abs/10.1300/J052v15n03_02",,Guide dogs ,Charity ,https://www.guidedogs.org.uk/how-you-can-help/volunteering-for-guide-dogs/volunteer-role-descriptions/puppy-raiser/,Online,N/A,Free,No,None,,,N/A,N/A,N/A,Quarterly,,,,,,,,,,,,,,,,,,,,,,,,,,,,,,,,,,,,,,,,,,,,,,
Learning,Foundation,Educational foundation,1,1,Development,1010,1011,Device accessibility,Learn about making your devices easier to use,"Learn more about helpful features on your devices, to help you get the best experience you can.","Many devices, including smartphones and tablets come with a range of features which can be adjusted so that your device better meets your needs. ",Read,UK,,,,60-99,"Male, Female, Non-conforming","Working, Retired, Not-Working",https://www.psychologicalscience.org/news/releases/learning-new-skills-keeps-an-aging-mind-sharp.html,,Age UK,Charity ,https://www.ageuk.org.uk/information-advice/work-learning/technology-internet/device-accessibility/,Online,N/A,Free,No,None,,,1.5,https://uk.trustpilot.com/review/ageuk.co.uk,N/A,Yearly,,Age Uk,Charity,https://www.ageuk.org.uk/information-advice/work-learning/technology-internet/downloading-apps/,Online,N/A,Free,No,None,,,1.5,https://uk.trustpilot.com/review/ageuk.co.uk,N/A,Yearly,,Age Uk,Charity ,https://www.ageuk.org.uk/information-advice/work-learning/technology-internet/online-terms/,Online,N/A,Free,No,None,,,1.5,https://uk.trustpilot.com/review/ageuk.co.uk,N/A,Yearly,,,,,,,,,,,,,,,,
Learning,Foundation,Educational foundation,1,1,Maintenance,1011,,Device accessibility,Make your devices easier to use,Start using helpful features on your devices to start getting the most out of them.,,Sign up,UK,Weekly,Age UK,https://www.ageuk.org.uk/information-advice/work-learning/technology-internet/device-accessibility/,60-99,"Male, Female, Non-conforming","Working, Retired, Not-Working",https://www.psychologicalscience.org/news/releases/learning-new-skills-keeps-an-aging-mind-sharp.html,,Age UK,Charity ,https://www.ageuk.org.uk/information-advice/work-learning/technology-internet/device-accessibility/,Online,N/A,Free,No,None,,,1.5,https://uk.trustpilot.com/review/ageuk.co.uk,N/A,Yearly,,,,,,,,,,,,,,,,,,,,,,,,,,,,,,,,,,,,,,,,,,,,,,
Learning,Foundation,Teaching,5,2,Development,1012,1013,Create a course,Learn about creating a course to teach others new skills,"If you have a particular skill that you think would be useful to others, learn more about how to create a course to teach your skills to help benefit others.","Creating a course to teach others offers the opportunity to change other people's lives permanently for the better. By helping others, you can help to develop somebody's subject knowledge and maybe even their mind and personality. Teaching others is an incredibly rewarding thing to do.",Read,All,,,,0-99,"Male, Female, Non-conforming","Working, Retired, Not-Working",,,Open learn,Company,https://www.open.edu/openlearncreate/,Online,N/A,Free,No,None,,,N/A,N/A,N/A,Quarterly,,Teachable,Company,https://teachable.com/,Online,N/A,Free,No,None,,,2.9,https://uk.trustpilot.com/review/teachable.com,N/A,Yearly,,Udemy,Company,https://www.udemy.com/join/login-popup/?brand_id=1594187&locale_id=1&next=%2Fsupport&return_to=https%3A%2F%2Fbusiness-support.udemy.com%2Fhc%2Fen-us%2Fsections%2F115001564048-Creating-a-Custom-Course%3Fmatchtype%3Db%26msclkid%3D7b833a73588d1569f0645e5b24ff0462%26utm_campaign%3DBG-DSA_Webindex_la.EN_cc.BE%26utm_content%3Ddeal4584%26utm_medium%3Dudemyads%26utm_source%3Dbing%26utm_term%3D_._ag_1222657343651662_._ad__._kw_udemy_._de_c_._dm__._pl__._ti_dat-2328215871879260%253Aloc-188_._li_132721_._pd__._&timestamp=1680374922,Online,N/A,Free,No,None,,,2.1,https://uk.trustpilot.com/review/udemy.com,N/A,Yearly,,,,,,,,,,,,,,,,
Learning,Foundation,Teaching,5,2,Maintenance,1013,,Build a course,Create a course to teach others new skills,"Sign up to create your own course, help teach others about your skills.",,Sign up,All,Weekly,Open learn,https://www.open.edu/openlearncreate/,0-99,"Male, Female, Non-conforming","Working, Retired, Not-Working",,,Open learn,Company,https://www.open.edu/openlearncreate/,Online,N/A,Free,No,None,,,N/A,N/A,N/A,Quarterly,,,,,,,,,,,,,,,,,,,,,,,,,,,,,,,,,,,,,,,,,,,,,,
Learning,Upskill,Educational foundation,1,3,Development,1014,1015,IT training ,Learn about computer training courses,"If you don't feel completely comfortable or confident working on a computer, learn more about IT training courses to help you feel at home using your computer.","Over the past few years, technology has adapted and evolved beyond anyone’s expectations. Today, almost everything we do requires some digital input and skills, from the way people communicate with one another, to business transactions.",Read,UK,,,,60-99,"Male, Female, Non-conforming","Working, Retired, Not-Working",https://www.psychologicalscience.org/news/releases/learning-new-skills-keeps-an-aging-mind-sharp.html,,Age UK,Charity ,https://www.ageuk.org.uk/services/in-your-area/it-training/,Online,N/A,Free,No,None,,,1.5,https://uk.trustpilot.com/review/ageuk.co.uk,N/A,Yearly,,Personnel today,Content writer,https://www.personneltoday.com/hr/why-it-training-is-important/,Online,N/A,Free,No,None,,,N/A,N/A,N/A,Quarterly,,Global knowledge,Content writer,https://www.globalknowledge.com/us-en/resources/resource-library/articles/the-10-most-important-it-skills-for-2020/,Online,N/A,Free,No,None,,,N/A,N/A,N/A,Quarterly,,,,,,,,,,,,,,,,
Learning,Upskill,Educational foundation,1,3,Maintenance,1015,,IT training ,Take a computer training course,Sign up to an IT training course near you to help you feel at home using your computer and build up your technical skills.,,Sign up,UK,Weekly,Age UK,https://www.ageuk.org.uk/services/in-your-area/it-training/,60-99,"Male, Female, Non-conforming","Working, Retired, Not-Working",https://www.psychologicalscience.org/news/releases/learning-new-skills-keeps-an-aging-mind-sharp.html,,Age UK,Charity ,https://www.ageuk.org.uk/services/in-your-area/it-training/,Online,N/A,Free,No,None,,,1.5,https://uk.trustpilot.com/review/ageuk.co.uk,N/A,Yearly,,,,,,,,,,,,,,,,,,,,,,,,,,,,,,,,,,,,,,,,,,,,,,
Learning,Upskill,Educational foundation,1,3,Development,1016,1016,IT training ,Learn about computer training courses,"If you don't feel completely comfortable, or confident working on a computer, learn more about IT training courses, to help you feel at home using your computer.","Over the past few years, technology has adapted and evolved beyond anyone’s expectations. Today, almost everything we do requires some digital input and skills, from the way people communicate with one another, to business transactions.",Read,UK,,,,0-99,"Male, Female, Non-conforming","Working, Retired, Not-Working",https://www.psychologicalscience.org/news/releases/learning-new-skills-keeps-an-aging-mind-sharp.html,,Open university,Company,https://www.open.edu/openlearn/digital-computing/introducing-computing-and-it/content-section-0?active-tab=description-tab,Online,N/A,Free,No,None,,,N/A,N/A,N/A,Quarterly,,Personnel today,Content writer,https://www.personneltoday.com/hr/why-it-training-is-important/,Online,N/A,Free,No,None,,,N/A,N/A,N/A,Quarterly,,Global knowledge,Content writer,https://www.globalknowledge.com/us-en/resources/resource-library/articles/the-10-most-important-it-skills-for-2020/,Online,N/A,Free,No,None,,,N/A,N/A,N/A,Quarterly,,,,,,,,,,,,,,,,
Learning,Upskill,Educational foundation,1,3,Maintenance,1017,,IT training ,Take a computer training course,"Sign up to an IT training course near you, to help you feel at home using your computer, and build up your technical skills.",,Sign up,UK,Weekly,Open university,https://www.open.edu/openlearn/digital-computing/introducing-computing-and-it/content-section-0?active-tab=description-tab,0-99,"Male, Female, Non-conforming","Working, Retired, Not-Working",https://www.psychologicalscience.org/news/releases/learning-new-skills-keeps-an-aging-mind-sharp.html,,Open university,Company,https://www.open.edu/openlearn/digital-computing/introducing-computing-and-it/content-section-0?active-tab=description-tab,Online,N/A,Free,No,None,,,N/A,N/A,N/A,Quarterly,,,,,,,,,,,,,,,,,,,,,,,,,,,,,,,,,,,,,,,,,,,,,,
Learning,Share,Educational foundation,1,3,Development,1018,1019,Sharing knowledge,Learn about sharing your knowledge and skills,"If you have a particular knowledge, and skills that you think would be useful to others, learn more about how to share your skills to help benefit others.","Sharing knowledge with others offers the opportunity to change other people's lives permanently for the better. By helping others, you can help to develop somebody's subject knowledge, maybe even their mind and personality. Sharing your knowledge with others can also be an incredibly rewarding.",Read,UK,,,,0-99,"Male, Female, Non-conforming","Working, Retired, Not-Working",,,Forbes,Company,https://www.forbes.com/sites/work-in-progress/2013/07/25/5-ways-to-share-your-professional-expertise-and-4-reasons-you-should/?sh=1f4d3f4e1cfa,Online,N/A,Free,No,None,,,1.8,https://uk.trustpilot.com/review/www.forbes.com,N/A,Yearly,,Gov loop,Company,https://www.govloop.com/community/blog/pass-9-ways-share-knowledge/,Online,N/A,Free,No,None,,,N/A,N/A,N/A,Quarterly,,Easy generator,Content writer,https://www.easygenerator.com/en/blog/knowledge-sharing/how-to-share-knowledge-effectively/,Online,N/A,Free,No,None,,,N/A,N/A,N/A,Quarterly,,,,,,,,,,,,,,,,
Learning,Share,Educational foundation,1,3,Maintenance,1019,,Sharing knowledge,Share your knowledge and skills with others,"Do you have particular knowledge or skills that you think would be useful to others? From art to zoology, share some of your time to help teach others a skill that you have.",,Sign up,UK,Weekly,Gov loop,https://www.govloop.com/community/blog/pass-9-ways-share-knowledge/,0-99,"Male, Female, Non-conforming","Working, Retired, Not-Working",,,Gov loop,Company,https://www.govloop.com/community/blog/pass-9-ways-share-knowledge/,Online,N/A,Free,No,None,,,N/A,N/A,N/A,Quarterly,,,,,,,,,,,,,,,,,,,,,,,,,,,,,,,,,,,,,,,,,,,,,,
Learning,Share,Identifying upskill opportunities ,2,3,Development,1020,1021,Mental health volunteering,Learn more about volunteering to help others,"If you feel you could help others through a tough time, learn more about volunteering for a mental health charity.","As a mental health volunteer, you will be taking conversations with children, young people and adults who are struggling to cope and helping them through a tough time or situation.",Read,UK,,,,0-99,"Male, Female, Non-conforming","Working, Retired, Not-Working",https://academic.oup.com/psychsocgerontology/article/58/3/S137/583366,,Mind,Charity,https://www.mind.org.uk/get-involved/volunteering-and-participating/,Online,N/A,Free,No,None,,,2.5,https://uk.trustpilot.com/review/www.mind.org.uk,N/A,Yearly,,Rethink,Charity,https://www.rethink.org/get-involved/use-your-experience/volunteer-with-us/,Online,N/A,Free,No,None,,,N/A,N/A,N/A,Quarterly,,Anxiety UK,Charity,https://www.anxietyuk.org.uk/get-involved/volunteer-with-us/,Online,N/A,Free,No,None,,,4.1,https://uk.trustpilot.com/review/www.anxietyuk.org.uk,N/A,Yearly,,,,,,,,,,,,,,,,
Learning,Share,Identifying upskill opportunities ,2,3,Maintenance,1021,,Volunteer your time,Volunteer to help others with mental health difficulties,"Sign up to volunteer, and get the training to help others through their mental health difficulties and make a difference in people’s lives.",,Sign up,UK,Weekly,Mind,https://www.mind.org.uk/get-involved/volunteering-and-participating/,0-99,"Male, Female, Non-conforming","Working, Retired, Not-Working",https://academic.oup.com/psychsocgerontology/article/58/3/S137/583366,,Mind,Charity,https://www.mind.org.uk/get-involved/volunteering-and-participating/,Online,N/A,Free,No,None,,,2.5,https://uk.trustpilot.com/review/www.mind.org.uk,N/A,Yearly,,,,,,,,,,,,,,,,,,,,,,,,,,,,,,,,,,,,,,,,,,,,,,
Learning,Foundation,Educational foundation,1,1,Development,1022,1023,Using the internet,Helping you get the most out of the internet,"The internet can be an intimidating place, read this guide to help you make the most use out of using the internet.","You might be surprised at how much you're able to do on the internet. You can connect with friends and family, take care of shopping, banking, as well as access services such as your GP surgery.  The internet can also be a great source of entertainment and education if you know how.",Read,UK,,,,60-99,"Male, Female, Non-conforming","Working, Retired, Not-Working",https://www.psychologicalscience.org/news/releases/learning-new-skills-keeps-an-aging-mind-sharp.html,,Age Uk,Charity,https://www.ageuk.org.uk/information-advice/work-learning/technology-internet/getting-online/,Online,N/A,Free,No,None,,,1.5,https://uk.trustpilot.com/review/ageuk.co.uk,N/A,Yearly,,GFC global,Company,https://edu.gcfglobal.org/en/computerbasics/getting-started-with-the-internet/1/,Online,N/A,Free,No,None,,,N/A,N/A,N/A,Quarterly,,GFC global,Company,https://edu.gcfglobal.org/en/internetbasics/,Online,N/A,Free,No,None,,,N/A,N/A,N/A,Quarterly,,,,,,,,,,,,,,,,
Learning,Foundation,Educational foundation,1,1,Maintenance,1023,,Using the internet,Get internet savvy,Sign up to take an internet tutorial to help you get started and make the most out of the internet.,,Sign up,UK,Daily,GFC global,https://edu.gcfglobal.org/en/internetbasics/,0-99,"Male, Female, Non-conforming","Working, Retired, Not-Working",https://www.psychologicalscience.org/news/releases/learning-new-skills-keeps-an-aging-mind-sharp.html,,GFC global,Company,https://edu.gcfglobal.org/en/internetbasics/,Online,N/A,Free,No,None,,,N/A,N/A,N/A,Quarterly,,,,,,,,,,,,,,,,,,,,,,,,,,,,,,,,,,,,,,,,,,,,,,
Learning,Foundation,Educational foundation,1,1,Development,1024,1025,Internet security,Learn about staying safe online,"Learn about how to stay safe on the internet, to get the most out of your internet usage.","The internet can make life a lot easier, but it doesn't come without the risk of online scams and frauds. Learn to protect yourself from scams and frauds, by learning what to look out for, and what to do if you suspect a scam.",Read,UK,,,,60-99,"Male, Female, Non-conforming","Working, Retired, Not-Working",https://www.tandfonline.com/doi/abs/10.1300/J016v28n04_01,,Age Uk,Charity,https://www.ageuk.org.uk/information-advice/work-learning/technology-internet/internet-security/,Online,N/A,Free,No,None,,,1.5,https://uk.trustpilot.com/review/ageuk.co.uk,N/A,Yearly,,BT,Company,https://community.bt.com/t5/Announcements-Guides-Community/Staying-safe-online-Free-10-minute-training/td-p/2187501,Online,N/A,Free,No,None,,,1.5,https://uk.trustpilot.com/review/bt.com,N/A,Yearly,,NCSC,Government Dept,https://www.ncsc.gov.uk/collection/top-tips-for-staying-secure-online,Online,N/A,Free,No,None,,,3.2,https://uk.trustpilot.com/review/www.ncsc.gov.uk,N/A,Yearly,,,,,,,,,,,,,,,,
Learning,Foundation,Educational foundation,1,1,Maintenance,1025,,Internet security,Stay safe online ,Sign up to take a quick internet safety course and make a habit of using safety practices while you are on the internet.,,Sign up,UK,Daily,BT,https://community.bt.com/t5/Announcements-Guides-Community/Staying-safe-online-Free-10-minute-training/td-p/2187501,0-99,"Male, Female, Non-conforming","Working, Retired, Not-Working",https://www.tandfonline.com/doi/abs/10.1300/J016v28n04_01,,BT,Company,https://community.bt.com/t5/Announcements-Guides-Community/Staying-safe-online-Free-10-minute-training/td-p/2187501,Online,N/A,Free,No,None,,,1.5,https://uk.trustpilot.com/review/bt.com,N/A,Yearly,,,,,,,,,,,,,,,,,,,,,,,,,,,,,,,,,,,,,,,,,,,,,,
Learning,Foundation,Advanced learning,4,1,Development,1026,1027,Watch video lectures,Learn more about video lectures,"Video lectures collects scientific learning from around the globe, from universities such as Stanford and MIT, presenting them in accessible video lectures.","There are a range of benefits of continuous learning, including helping you to gain more confidence. Continuous learning helps to open your mind and change your attitude by building on what you already know, while helping you to see and understand more deeply.",Visit site,All,,,,0-99,"Male, Female, Non-conforming","Working, Retired, Not-Working",https://www.tandfonline.com/doi/abs/10.1300/J016v28n04_01,,Video lectures,Company,http://videolectures.net/Top/,Online,N/A,Free,No,None,,,N/A,N/A,N/A,Quarterly,,LinkedIn,Company,https://www.linkedin.com/pulse/7-reasons-students-learn-better-video-travis-bergwall/,Online,N/A,Free,No,None,,,1.5,https://uk.trustpilot.com/review/www.linkedin.com,N/A,Yearly,,Oxford University,Company,https://www.ox.ac.uk/students/academic/guidance/skills/recorded-lectures,Online,N/A,Free,No,None,,,3.2,https://uk.trustpilot.com/review/www.ox.ac.uk,N/A,Yearly,,,,,,,,,,,,,,,,
Learning,Foundation,Advanced learning,4,1,Maintenance,1027,,Watch video lectures,"Watch video lectures online, from the comfort of your home",Start watching video lectures to build a habit of continual learning on subjects that interest you.,,Sign up,All,Weekly,Video lectures,http://videolectures.net/Top/,0-99,"Male, Female, Non-conforming","Working, Retired, Not-Working",https://www.tandfonline.com/doi/abs/10.1300/J016v28n04_01,,Video lectures,Company,http://videolectures.net/Top/,Online,N/A,Free,No,None,,,N/A,N/A,N/A,Quarterly,,,,,,,,,,,,,,,,,,,,,,,,,,,,,,,,,,,,,,,,,,,,,,
Wealth,Manage,Savings & protection,2,1,Development,1028,1029,Mystery shopping,Lean more about mystery shopping,"Learn more about mystery shopping, and how you can get paid for doing something you love.","As a mystery shopper you might be tasked with anything from visiting a cafe chain, phoning a call centre or even getting your eyes tested at an opticians. The role of a mystery shopper is to help organisations and businesses assess the service their customers are really receiving.",Read,UK,,,,0-99,"Male, Female, Non-conforming","Working, Retired, Not-Working",N/A,,mystery shopper,Company,https://www.mystery-shoppers.co.uk/its-not-just-shopping/mystery-diners/,Online,N/A,Free,No,None,,,2.9,https://uk.trustpilot.com/review/mystery-shoppers.co.uk,N/A,Yearly,,Money checker,Content writer,https://moneycheck.com/mystery-shopper-jobs/,Online,N/A,Free,No,None,,,N/A,N/A,N/A,Quarterly,,LinkedIn,Company,https://www.linkedin.com/pulse/what-you-need-know-being-mystery-shopper-insightsopinion/,Online,N/A,Free,No,None,,,1.5,https://uk.trustpilot.com/review/www.linkedin.com,N/A,Yearly,,,,,,,,,,,,,,,,
Wealth,Manage,Savings & protection,2,1,Maintenance,1029,,Mystery shopping,Sign up to become a mystery shopper,"If you have a love of shopping, sign up to become a mystery shopper and get paid for doing what you love.",,Sign up,UK,Weekly,mystery shopper,https://www.mystery-shoppers.co.uk/its-not-just-shopping/mystery-diners/,0-99,"Male, Female, Non-conforming","Working, Retired, Not-Working",,,mystery shopper,Company,https://www.mystery-shoppers.co.uk/its-not-just-shopping/mystery-diners/,Online,N/A,Free,No,None,,,2.9,https://uk.trustpilot.com/review/mystery-shoppers.co.uk,N/A,Yearly,,,,,,,,,,,,,,,,,,,,,,,,,,,,,,,,,,,,,,,,,,,,,,
Wealth,Manage,Savings & protection,2,1,Development,1030,1031,Friends for rent,Learn more about friends for rent,"Learn more about being a rent a friend, where you get paid to keep someone company, give advice, or just be someone for them to spend time with, earn money while getting to make new friends.","You can actually be paid for being someone’s friend. In this day and age, people are spending more time online and it makes sense to look for friendship in the same space. Being an online companion is one of the most enjoyable things you can do in this digital era and get paid.",Read,All,,,,0-99,"Male, Female, Non-conforming","Working, Retired, Not-Working",N/A,,Rent a friend,Company,https://rentafriend.com/beafriend/,Online,N/A,Free,No,None,,,N/A,N/A,N/A,Quarterly,,Vital dollar,Content writer,https://vitaldollar.com/rent-friend/,Online,N/A,Free,No,None,,,N/A,N/A,N/A,Quarterly,,Project unthethered,Company,https://www.projectuntethered.com/get-paid-to-be-an-online-friend/,Online,N/A,Free,No,None,,,N/A,N/A,N/A,Quarterly,,,,,,,,,,,,,,,,
Wealth,Manage,Savings & protection,2,1,Maintenance,1031,,Friends for rent,Become a friend for rent to earn extra income,Sign up to become a friend for rent and make a habit of earning money while making new connections and friends.,,Sign up,All,Weekly,Rent a friend,https://rentafriend.com/beafriend/,0-99,"Male, Female, Non-conforming","Working, Retired, Not-Working",,,Rent a friend,Company,https://rentafriend.com/beafriend/,Online,N/A,Free,No,None,,,N/A,N/A,N/A,Quarterly,,,,,,,,,,,,,,,,,,,,,,,,,,,,,,,,,,,,,,,,,,,,,,
Wealth,Manage,Savings & protection,2,1,Development,1032,1033,Homes for filming,Learn more about renting your property,"If you feel your house or garden is unique, exciting, or if you feel your house can offer something different, why not look into renting it out, and let your house be the movie star it was born to be.",Would you like to see a famous actor hanging out in your living room. Perhaps you have a home with a unique and special vibe. Or does the film industry interest you and you’d like to be a part of it. Renting your home could be a possibility for you to make some extra money.,Read,UK,,,,0-99,"Male, Female, Non-conforming","Working, Retired, Not-Working",N/A,,Amazing space,Company,https://amazingspace.co.uk/,Online,N/A,Free,No,None,,,N/A,N/A,N/A,Quarterly,,Money magpie,Content writer,https://www.moneymagpie.com/make-money/renting-your-home-as-a-film-set-2,Online,N/A,Free,No,None,,,3.5,https://uk.trustpilot.com/review/moneymagpie.com,N/A,Quarterly,,Saga,Company,https://www.saga.co.uk/magazine/money/personal-finance/making-money/earn-money-renting-your-home-to-film-and-tv-companies,Online,N/A,Free,No,None,,,4.5,https://uk.trustpilot.com/review/www.saga.co.uk,N/A,Yearly,,,,,,,,,,,,,,,,
Wealth,Manage,Savings & protection,2,1,Maintenance,1033,,Homes for filming,Sign up to rent out your house for films and photo shoots,"Sign up to rent your house out for films or photo shoots, make a habit of creating some extra income from your property.",,Sign up,UK,Monthly,Amazing space,https://amazingspace.co.uk/,0-99,"Male, Female, Non-conforming","Working, Retired, Not-Working",,,Amazing space,Company,https://amazingspace.co.uk/,Online,N/A,Free,No,None,,,N/A,N/A,N/A,Quarterly,,,,,,,,,,,,,,,,,,,,,,,,,,,,,,,,,,,,,,,,,,,,,,
Wealth,Manage,Savings & protection,2,1,Development,1034,1035,Rent your parking,Learn about renting your parking,"If you have space on your driveway, a garage or ev charger, rent it out to earn some extra income.","Make some passive income by renting your parking space. If you don’t have a vehicle or simply have extra designated space, you could rent your driveway or garage to make some extra money.",Read,UK,,,,0-99,"Male, Female, Non-conforming","Working, Retired, Not-Working",N/A,,Just Park,Company,https://www.justpark.com/how-it-works/rent-out-your-driveway,Online,N/A,Free,No,None,,,4.6,https://uk.trustpilot.com/review/justpark.com,N/A,Yearly,,Money saving expert,Content writer,https://www.moneysavingexpert.com/shopping/cheap-parking-rental/,Online,N/A,Free,No,None,,,2.1,https://uk.trustpilot.com/review/moneysavingexpert.co.uk,N/A,Yearly,,Your parking space,Company,https://www.yourparkingspace.co.uk/insights/why-renting-parking-space-is-great-idea-to-earn-side-income,Online,N/A,Free,No,None,,,4.5,https://uk.trustpilot.com/review/yourparkingspace.co.uk,N/A,Yearly,,,,,,,,,,,,,,,,
Wealth,Manage,Savings & protection,2,1,Maintenance,1035,,Rent your parking,Rent out your parking space for extra money,Sign up to rent out your parking space to make a healthy habit of earning income from your property.,,Sign up,UK,Weekly,Just Park,https://www.justpark.com/how-it-works/rent-out-your-driveway,0-99,"Male, Female, Non-conforming","Working, Retired, Not-Working",,,Just Park,Company,https://www.justpark.com/how-it-works/rent-out-your-driveway,Online,N/A,Free,No,None,,,4.6,https://uk.trustpilot.com/review/justpark.com,N/A,Yearly,,,,,,,,,,,,,,,,,,,,,,,,,,,,,,,,,,,,,,,,,,,,,,
Wealth,Manage,Savings & protection,2,1,Development,1036,1037,Review for money,Learn about reviewing for extra money,"If you feel you have a good ear for music, or an eye for fashion, learn more about reviewing and feedback for some extra money.","Some companies will pay customers to leave candid feedback about their products, while others provide free product samples in exchange for reviews. If you want to make extra money, getting paid to write reviews can be a great way to do it.",Read,All,,,,0-99,"Male, Female, Non-conforming","Working, Retired, Not-Working",N/A,,Slice the pie,Company,https://www.slicethepie.com/,Online,N/A,Free,No,None,,,3.7,https://uk.trustpilot.com/review/www.slicethepie.com,N/A,Yearly,,Well kept wallet,Content writer,https://wellkeptwallet.com/get-paid-to-write-reviews/,Online,N/A,Free,No,None,,,N/A,N/A,N/A,Quarterly,,Money saving expert,Content writer,https://www.moneysavingexpert.com/family/product-testing-sites/,Online,N/A,Free,No,None,,,2,https://uk.trustpilot.com/review/www.moneysavingexpert.com,N/A,Yearly,,,,,,,,,,,,,,,,
Wealth,Manage,Savings & protection,2,1,Maintenance,1037,,Review for money,Review for money,"Sign up to review music, fashion or advertisements and make a habit of earning money doing things that you enjoy.",,Sign up,All,Weekly,Slice the pie,https://www.slicethepie.com/,0-99,"Male, Female, Non-conforming","Working, Retired, Not-Working",,,Slice the pie,Company,https://www.slicethepie.com/,Online,N/A,Free,No,None,,,3.7,https://uk.trustpilot.com/review/www.slicethepie.com,N/A,Yearly,,,,,,,,,,,,,,,,,,,,,,,,,,,,,,,,,,,,,,,,,,,,,,
Wealth,Manage,Savings & protection,2,1,Development,1038,1039,Sell your skills ,Learn about selling your skills,Do you have a skill or hobby that can be monetised? Learn more about how you can make money from doing the things that you enjoy.,"If you have passion or knowledge about on a certain skill, look into turn it into a profitable side business that you can market and sell online. That's a pretty good income for doing something that you love. Of course, the more skills you have to offer, the more money you can make!",Read,All,,,,0-99,"Male, Female, Non-conforming","Working, Retired, Not-Working",N/A,,Fiverr,Company,https://www.fiverr.com/,Online,N/A,Free,No,None,,,3.8,https://uk.trustpilot.com/review/www.fiverr.com,N/A,Yearly,,Ways to wealth,Content writer,https://www.thewaystowealth.com/make-money/fiverr/,Online,N/A,Free,No,None,,,N/A,N/A,N/A,Quarterly,,Digital fodder,Content writer,https://www.digitalfodder.com/how-to-make-money-on-fiverr/,Online,N/A,Free,No,None,,,N/A,N/A,N/A,Quarterly,,,,,,,,,,,,,,,,
Wealth,Manage,Savings & protection,2,1,Maintenance,1039,,Sell your skills ,Sell your skills or hobbies online,"Sign up to monetise your skills from graphic design to astrology readings, set your price and start making regular money from your unique skills and hobbies.",,Sign up,All,Weekly,Fiverr,https://www.fiverr.com/,0-99,"Male, Female, Non-conforming","Working, Retired, Not-Working",,,Fiverr,Company,https://www.fiverr.com/,Online,N/A,Free,No,None,,,3.8,https://uk.trustpilot.com/review/www.fiverr.com,N/A,Yearly,,,,,,,,,,,,,,,,,,,,,,,,,,,,,,,,,,,,,,,,,,,,,,
Wealth,Manage,Savings & protection,2,1,Development,1040,1041,Sell your stuff,Learn about selling your stuff online,"Whether decluttering, downsizing or just want to get rid of a few things, learn about selling your things online to earn some money, while getting rid of the items that you no longer need.","No matter your reasoning for wanting to get rid of some of your things, selling online is the new way to reach your audience in an easy and effective way. Helping you to declutter and make some money in a easy seamless way. ",Read,UK,,,,0-99,"Male, Female, Non-conforming","Working, Retired, Not-Working",N/A,,Shpock,Company,https://www.shpock.com/en-gb,Online,N/A,Free,No,None,,,2.2,https://uk.trustpilot.com/review/shpock.com,N/A,Yearly,,Which,Content writer,https://www.which.co.uk/reviews/shopping-sustainably/article/second-hand-shopping-online/how-to-sell-second-hand-online-aY8e54S9ikBH,Online,N/A,Free,No,None,,,1.6,https://uk.trustpilot.com/review/www.which.co.uk,N/A,Yearly,,Huffington post,Company,https://www.huffingtonpost.co.uk/entry/best-websites-for-selling-stuff_uk_602e8774c5b67c32961bec92,Online,N/A,Free,No,None,,,2.8,https://uk.trustpilot.com/review/huffingtonpost.co.uk,N/A,Yearly,,,,,,,,,,,,,,,,
Wealth,Manage,Savings & protection,2,1,Maintenance,1041,,Sell your stuff,Sell your stuff online,"Sign up, make a habit of decluttering and selling any items that you have around that you no longer need.",,Sign up,UK,Weekly,Shpock,https://www.shpock.com/en-gb,0-99,"Male, Female, Non-conforming","Working, Retired, Not-Working",,,Shpock,Company,https://www.shpock.com/en-gb,Online,N/A,Free,No,None,,,2.2,https://uk.trustpilot.com/review/shpock.com,N/A,Yearly,,,,,,,,,,,,,,,,,,,,,,,,,,,,,,,,,,,,,,,,,,,,,,
Wealth,Manage,Savings & protection,2,1,Development,1042,1043,Sell your things,Learn about selling your things at a car boot sale,"Learn more about how to find car boots and how to make money selling items, at one near you.","Make a day out of selling your things, by getting out in the open, for some sun and fresh air, getting to chat and meet new people whilst selling your things and making some extra money.",Read,UK,,,,0-99,"Male, Female, Non-conforming","Working, Retired, Not-Working",N/A,,Car boot directory,Company,https://carbootdirectory.co.uk/car-boot-sales-near-me/,Online,N/A,Free,No,None,,,N/A,N/A,N/A,Quarterly,,The mini millionaire,Content writer,https://theminimillionaire.com/how-to-find-a-local-car-boot-sale/,Online,N/A,Free,No,None,,,N/A,N/A,N/A,Quarterly,,The best of,Content writer,https://www.thebestof.co.uk/local/lichfield/community-hub/blog/view/what-sells-well-at-car-boot-sales/,Online,N/A,Free,No,None,,,2,https://uk.trustpilot.com/review/www.thebestof.co.uk,N/A,Yearly,,,,,,,,,,,,,,,,
Wealth,Manage,Savings & protection,2,1,Maintenance,1043,,Sell your things,Sell your things at a car boot sale,Sign up to find a car boot sale near you. Sell your items for some extra cash.,,Sign up,UK,Monthly,Car boot directory,https://carbootdirectory.co.uk/car-boot-sales-near-me/,0-99,"Male, Female, Non-conforming","Working, Retired, Not-Working",,,Car boot directory,Company,https://carbootdirectory.co.uk/car-boot-sales-near-me/,Online,N/A,Free,No,None,,,N/A,N/A,N/A,Quarterly,,,,,,,,,,,,,,,,,,,,,,,,,,,,,,,,,,,,,,,,,,,,,,
Wealth,Manage,Savings & protection,2,1,Development,1044,1045,Selling your photos,Learn about selling your photos online,"If you are a photographer, a budding photographer or just enjoy taking photos, learn about selling your photos online to create extra income doing something you love.","If you believe you have taken some photos people would be willing to pay for, start sharing your work online and start earning.",Read,All,,,,0-99,"Male, Female, Non-conforming","Working, Retired, Not-Working",N/A,,Shutterstock,Company,https://submit.shutterstock.com/,Online,N/A,Free,No,None,,,2.1,https://uk.trustpilot.com/review/submit.shutterstock.com,N/A,Yearly,,Money magpie,Content writer,https://www.moneymagpie.com/make-money/sell-your-photos,Online,N/A,Free,No,None,,,3.5,https://uk.trustpilot.com/review/moneymagpie.com,N/A,Quarterly,,Modula,Content writer,https://wp-modula.com/best-places-to-sell-photos-online-and-make-money/,Online,N/A,Free,No,None,,,N/A,N/A,N/A,Quarterly,,,,,,,,,,,,,,,,
Wealth,Manage,Savings & protection,2,1,Maintenance,1045,,Selling your photos,Sell your photos online,Sign up to create a habit of earning money from doing something you love.,,Sign up,All,Weekly,Shutterstock,https://submit.shutterstock.com/,0-99,"Male, Female, Non-conforming","Working, Retired, Not-Working",,,Shutterstock,Company,https://submit.shutterstock.com/,Online,N/A,Free,No,None,,,2.1,https://uk.trustpilot.com/review/submit.shutterstock.com,N/A,Yearly,,,,,,,,,,,,,,,,,,,,,,,,,,,,,,,,,,,,,,,,,,,,,,
Wealth,Manage,Savings & protection,2,1,Development,1046,1047,Want to be an extra,Be an extra in movies,"Learn more about becoming an extra for films and tv series, and see if being an extra is for you.","Lights! Camera! Action! Have your moment in the spotlight by becoming an extra and earn money doing something you enjoy, and maybe get to meet some celebrities while you are at it!",Read,UK,,,,0-99,"Male, Female, Non-conforming","Working, Retired, Not-Working",N/A,,Casting collective,Company,https://www.castingcollective.co.uk/artistes,Online,N/A,Free,No,None,,,3.6,https://uk.trustpilot.com/review/www.castingcollective.co.uk,N/A,Yearly,,Backstage,Company,https://www.backstage.com/magazine/article/make-living-extra-380/,Online,N/A,Free,No,None,,,1.6,https://uk.trustpilot.com/review/www.backstage.com,N/A,Yearly,,Film on a shoe string,Content writer,https://filmsonashoestring.com/film-tv-extra/,Online,N/A,Free,No,None,,,N/A,N/A,N/A,Quarterly,,,,,,,,,,,,,,,,
Wealth,Manage,Savings & protection,2,1,Maintenance,1047,,Become an extra,Sign up to be an extra in movies,Now is your chance for the spotlight. Sign up for your chance to be an extra in movies or tv shows and earn extra money.,,Sign up,UK,Monthly,Casting collective,https://www.castingcollective.co.uk/artistes,0-99,"Male, Female, Non-conforming","Working, Retired, Not-Working",,,Casting collective,Company,https://www.castingcollective.co.uk/artistes,Online,N/A,Free,No,None,,,3.6,https://uk.trustpilot.com/review/www.castingcollective.co.uk,N/A,Yearly,,,,,,,,,,,,,,,,,,,,,,,,,,,,,,,,,,,,,,,,,,,,,,
Wealth,Manage,Savings & protection,2,1,Development,1048,1049,Sell a creative hobby,Learn about selling items that you create,Learn more about creating your own online store to sell items that you enjoy creating.,"Join a creative marketplace where millions of shoppers spend billions each year purchasing directly from creative entrepreneurs like you, giving you the opportunity to make money from the things you love.",Read,All,,,,0-99,"Male, Female, Non-conforming","Working, Retired, Not-Working",N/A,,Etsy,Company,https://www.etsy.com/seller-handbook?ref=so_seller_handbook,Online,N/A,Free,No,None,,,1.9,https://uk.trustpilot.com/review/etsy.co.uk,N/A,Yearly,,Etsy,Company,https://help.etsy.com/hc/en-gb/articles/115015672808-How-to-Open-an-Etsy-Shop?segment=selling,Online,N/A,Free,No,None,,,1.9,https://uk.trustpilot.com/review/etsy.co.uk,N/A,Yearly,,Start ups,Content writer,https://startups.co.uk/websites/ecommerce/create-online-shop/,Online,N/A,Free,No,None,,,3.3,https://uk.trustpilot.com/review/startups.co.uk,N/A,Yearly,,,,,,,,,,,,,,,,
Wealth,Manage,Savings & protection,2,1,Maintenance,1049,,Sell a creative hobby,Sell items that you create,"If you have a creative hobby that, sign up to create an online store where you can regularly sell the items that you enjoy creating.",,Sign up,All,Weekly,Etsy,https://www.etsy.com/seller-handbook?ref=so_seller_handbook,0-99,"Male, Female, Non-conforming","Working, Retired, Not-Working",,,Etsy,Company,https://www.etsy.com/seller-handbook?ref=so_seller_handbook,Online,N/A,Free,No,None,,,1.9,https://uk.trustpilot.com/review/etsy.co.uk,N/A,Yearly,,,,,,,,,,,,,,,,,,,,,,,,,,,,,,,,,,,,,,,,,,,,,,
Wealth,Manage,Savings & protection,2,1,Development,1050,1051,Allotment surplus,Information on selling surplus from your allotment,Learn about what you can sell from your allotment.,"Although you are not allowed to run your allotment as a business, you are allowed to sell any produce that is surplus to your needs, read more about selling your surplus produce to create some extra income.",Read,UK,,,,0-99,"Male, Female, Non-conforming","Working, Retired, Not-Working",N/A,,Go self sufficient,Content writer,https://goselfsufficient.co.uk/selling-from-your-allotment/,Online,N/A,Free,No,None,,,N/A,N/A,N/A,Quarterly,,The guardian ,Company,https://www.theguardian.com/money/2013/jul/26/making-money-allotment-gardeners,Online,N/A,Free,No,None,,,1.4,https://uk.trustpilot.com/review/theguardian.com,N/A,Yearly,,Organic lea,Content writer,https://www.organiclea.org.uk/wp-content/uploads/2010/04/sellingallotmentproduce.pdf,Online,N/A,Free,No,None,,,N/A,N/A,N/A,Quarterly,,,,,,,,,,,,,,,,
Wealth,Manage,Savings & protection,2,1,Maintenance,1051,,Sell surplus produce,Sell your surplus,"Make a habit out of selling surplus products from your allotment, creating some extra income.",,Sign up,Uk,Weekly,Go self sufficient,https://goselfsufficient.co.uk/selling-from-your-allotment/,0-99,"Male, Female, Non-conforming","Working, Retired, Not-Working",,,Go self sufficient,Content writer,https://goselfsufficient.co.uk/selling-from-your-allotment/,Online,N/A,Free,No,None,,,N/A,N/A,N/A,Quarterly,,,,,,,,,,,,,,,,,,,,,,,,,,,,,,,,,,,,,,,,,,,,,,
Wealth,Manage,Financial security,3,3,Development,1052,,Trace lost money,Learn to see if you have any forgotten inactive accounts,"Learn more about inactive accounts, and how to see if you might have inactive accounts.","In the UK, there are millions of pounds in inactive accounts that remain unclaimed. Learn more about how to check to see if you have any dormant bank accounts, pensions, insurance policies or premium bonds.   ",Read,UK,,,,60-99,"Male, Female, Non-conforming","Working, Retired, Not-Working",N/A,,Age UK,Charity,https://www.ageuk.org.uk/information-advice/money-legal/debt-savings/how-to-trace-lost-money/,Online,N/A,Free,No,None,,,1.5,https://uk.trustpilot.com/review/ageuk.co.uk,N/A,Yearly,,Which,Content writer,https://www.which.co.uk/money/savings-and-isas/savings-accounts/how-to-find-lost-bank-and-savings-accounts-aU2w07j7905s,Online,N/A,Free,No,None,,,1.6,https://uk.trustpilot.com/review/www.which.co.uk,N/A,Yearly,,Money saving expert,Content writer,https://www.moneysavingexpert.com/reclaim/reclaim-lost-assets-free/,Online,N/A,Free,No,None,,,2,https://uk.trustpilot.com/review/www.moneysavingexpert.com,N/A,Yearly,,,,,,,,,,,,,,,,
Wealth,Manage,Financial security,3,3,Development,1053,,Trace old pensions,Learn how to track down all your different pension schemes,"Learn more about how to track down all your different old or lost pension schemes that both you or an employer paid into, help make sure you're claiming everything you're entitled to in retirement.","It’s not always easy to keep track of all your pensions, especially if you’ve been in more than one scheme or have changed employers throughout your career. The easiest way to claim any lost pensions is to trace them,  make sure you get all that is owed to you.",Read,UK,,,,60-99,"Male, Female, Non-conforming","Working, Retired, Not-Working",N/A,,Age UK,Charity,https://www.ageuk.org.uk/information-advice/money-legal/pensions/tracing-old-pensions/,Online,N/A,Free,No,None,,,1.5,https://uk.trustpilot.com/review/ageuk.co.uk,N/A,Yearly,,Gov,Government dept,https://www.gov.uk/government/news/new-pension-tracing-service-website-launched,Online,N/A,Free,No,None,,,2.6,https://uk.trustpilot.com/review/www.tax.service.gov.uk,N/A,Yearly,,AJ Bell,Company,https://www.ajbell.co.uk/find-my-pension?gclid=c78ba4fec26a1562676ac0bb9ef3b900,Online,N/A,Free,No,None,,,4.7,https://uk.trustpilot.com/review/ajbell.co.uk,N/A,Yearly,,,,,,,,,,,,,,,,
Health,Body,Preventative care,2,1,Development,1054,1055,Flossing ,Importance of flossing ,"Although flossing is one of those annoying daily routines, learn more about the importance and benefits of flossing daily.","Flossing regularly plays a crucial role in your dental hygiene. When you skip flossing, plaque can build up between your teeth and along the gumline. Over time, this can increase your risk of tooth decay and gum disease.",Read,All,,,,0-99,"Male, Female, Non-conforming","Working, Retired, Not-Working","https://www.tandfonline.com/doi/full/10.2147/CIA.S54630, https://pdfs.semanticscholar.org/475e/00158647e34273f742d61aa65391487bf825.pdf",,Ritten house villages,Company,https://www.rittenhousevillages.com/assisted-living-blog/the-importance-of-flossing-for-seniors/,Online,N/A,Free,No,None,,,N/A,N/A,N/A,Quarterly,,Art of smiles Pasadena ,Company,https://www.artofsmilespasadena.com/flossing-tips-for-seniors-older-adults/,Online,N/A,Free,No,None,,,N/A,N/A,N/A,Quarterly,,Healthline,Content writer,https://www.healthline.com/health/how-to-floss,Online,N/A,Free,No,None,,,1.5,https://uk.trustpilot.com/review/www.healthline.com,N/A,Yearly,,,,,,,,,,,,,,,,
Health,Body,Preventative care,2,1,Maintenance,1055,,Don't forget to floss,Start building a habit of flossing your teeth daily,"Add flossing to your daily dental routine, build into your daily routine as a healthy habit and fight gum disease at the same time.",,Sign up,All,Daily,Healthline,https://www.healthline.com/health/how-to-floss,0-99,"Male, Female, Non-conforming","Working, Retired, Not-Working","https://www.tandfonline.com/doi/full/10.2147/CIA.S54630, https://pdfs.semanticscholar.org/475e/00158647e34273f742d61aa65391487bf825.pdf",,Healthline,Content writer,https://www.healthline.com/health/how-to-floss,Online,N/A,Free,No,None,,,1.5,https://uk.trustpilot.com/review/www.healthline.com,N/A,Yearly,,,,,,,,,,,,,,,,,,,,,,,,,,,,,,,,,,,,,,,,,,,,,,
Health,Body,Diagnostic,3,2,Development,1056,1057,See your dentist,Importance of dental check ups,"Learn about the importance of dental check-ups, and why you should have them regularly.","Dental appointments shouldn’t just be made when you have a problem that needs to be addressed. Prevention is always better than needing a cure, and there are plenty more reasons why it’s important to maintain regular visits to your local dental practice.",Read,UK,,,,0-99,"Male, Female, Non-conforming","Working, Retired, Not-Working","https://www.tandfonline.com/doi/full/10.2147/CIA.S54630, https://pdfs.semanticscholar.org/475e/00158647e34273f742d61aa65391487bf825.pdf",,Dental health,Charity,https://www.dentalhealth.org/blog/the-importance-of-regular-dental-visits,Online,N/A,Free,No,None,,,3.2,https://uk.trustpilot.com/review/www.dentalhealth.org,N/A,Yearly,,Web md,Company,https://www.webmd.com/oral-health/features/dental-checkup-every-6-months,Online,N/A,Free,No,None,,,3.5,https://uk.trustpilot.com/review/www.webmd.com,N/A,Yearly,G,OralB,Company,https://www.oralb.co.uk/en-gb/oral-health/life-stages/adults/the-importance-of-regular-dental-visits,Online,N/A,Free,No,None,,,1.5,https://uk.trustpilot.com/review/oralb.co.uk,N/A,Yearly,G,,,,,,,,,,,,,,,
Health,Body,Diagnostic,3,2,Maintenance,1057,,Dental check up,Book a dental check up,"Start booking your dental check-ups more regularly to build a healthy habit of keeping your teeth and gums in good condition, every six months is a reasonable goal.",,Sign up,UK,6 months,Web md,https://www.webmd.com/oral-health/features/dental-checkup-every-6-months,0-99,"Male, Female, Non-conforming","Working, Retired, Not-Working","https://www.tandfonline.com/doi/full/10.2147/CIA.S54630, https://pdfs.semanticscholar.org/475e/00158647e34273f742d61aa65391487bf825.pdf",,Web md,Company,https://www.webmd.com/oral-health/features/dental-checkup-every-6-months,Online,N/A,Free,No,None,,,3.5,https://uk.trustpilot.com/review/www.webmd.com,N/A,Yearly,G,,,,,,,,,,,,,,,,,,,,,,,,,,,,,,,,,,,,,,,,,,,,,
Health,Body,Diagnostic,3,3,Development,1058,1059,Dental cleaning,Importance of dental cleans,Learn about the importance of visiting your dentist for a deep dental clean and why you should have them more regularly.,"Getting your teeth professionally cleaned every six months is very important, as this helps remove plaque and tartar build-up from the surfaces of teeth. This can help prevent tooth decay and gum disease, which could lead to other health problems if left untreated.",Read,UK,,,,0-99,"Male, Female, Non-conforming","Working, Retired, Not-Working","https://www.tandfonline.com/doi/full/10.2147/CIA.S54630, https://pdfs.semanticscholar.org/475e/00158647e34273f742d61aa65391487bf825.pdf",,Dental one,Company,https://www.dentalone-ga.com/blog/7-important-benefits-of-dental-cleanings,Online,N/A,Free,No,None,,,N/A,N/A,N/A,Quarterly,,Healthline,Content writer,https://www.healthline.com/health/dental-and-oral-health/how-often-should-you-get-your-teeth-cleaned,Online,N/A,Free,No,None,,,1.5,https://uk.trustpilot.com/review/www.healthline.com,N/A,Yearly,,Forbes,Company,https://www.forbes.com/health/body/what-is-dental-cleaning/,Online,N/A,Free,No,None,,,1.8,https://uk.trustpilot.com/review/www.forbes.com,N/A,Yearly,,,,,,,,,,,,,,,,
Health,Body,Diagnostic,3,3,Maintenance,1059,,Get a dental clean,Book a dental clean,Start booking your dental cleans more regularly to build up a healthy habit of keeping your teeth and gums in good condition.,,Sign up,UK,6 months,Healthline,https://www.healthline.com/health/dental-and-oral-health/how-often-should-you-get-your-teeth-cleaned,0-99,"Male, Female, Non-conforming","Working, Retired, Not-Working","https://www.tandfonline.com/doi/full/10.2147/CIA.S54630, https://pdfs.semanticscholar.org/475e/00158647e34273f742d61aa65391487bf825.pdf",,Healthline,Content writer,https://www.healthline.com/health/dental-and-oral-health/how-often-should-you-get-your-teeth-cleaned,Online,N/A,Free,No,None,,,1.5,https://uk.trustpilot.com/review/www.healthline.com,N/A,Yearly,,,,,,,,,,,,,,,,,,,,,,,,,,,,,,,,,,,,,,,,,,,,,,
Health,Body,Healthy Basics,1,2,Development,1060,1061,Teeth brushing,Learn more about dental care,"From how long to brush your teeth for, to technique and products, learn more about the best way to take care of your teeth.","Knowing how to brush your teeth properly is important to prevent conditions such as gingivitis and tooth decay. Incorrect brushing techniques could also lead to tooth abrasion, a condition in which the surface of the tooth is worn away.",Read,All,,,,0-99,"Male, Female, Non-conforming","Working, Retired, Not-Working","https://www.tandfonline.com/doi/full/10.2147/CIA.S54630, https://pdfs.semanticscholar.org/475e/00158647e34273f742d61aa65391487bf825.pdf",,Oral B,Company,https://www.oralb.co.uk/en-gb/oral-health/why-oral-b/electric-toothbrushes/how-to-brush-teeth-properly,Online,N/A,Free,No,None,,,1.5,https://uk.trustpilot.com/review/oralb.co.uk,N/A,Yearly,,Insider,Company,https://www.insider.com/guides/health/best-toothpaste,Online,N/A,Free,No,None,,,3.2,https://uk.trustpilot.com/review/insider.com,N/A,Yearly,,Healthline,Content writer,https://www.healthline.com/health/dental-and-oral-health/best-practices-for-healthy-teeth,Online,N/A,Free,No,None,,,1.5,https://uk.trustpilot.com/review/www.healthline.com,N/A,Yearly,,,,,,,,,,,,,,,,
Health,Body,Healthy Basics,1,2,Maintenance,1061,,Dental care tips,Improve your dental care,"Start practicing dental care techniques daily, make a habit of taking care of your teeth.",,Sign up,All,Daily,OralB,https://www.oralb.co.uk/en-gb/oral-health/why-oral-b/electric-toothbrushes/how-to-brush-teeth-properly,0-99,"Male, Female, Non-conforming","Working, Retired, Not-Working","https://www.tandfonline.com/doi/full/10.2147/CIA.S54630, https://pdfs.semanticscholar.org/475e/00158647e34273f742d61aa65391487bf825.pdf",,OralB,Company,https://www.oralb.co.uk/en-gb/oral-health/why-oral-b/electric-toothbrushes/how-to-brush-teeth-properly,Online,N/A,Free,No,None,,,1.5,https://uk.trustpilot.com/review/oralb.co.uk,N/A,Yearly,,,,,,,,,,,,,,,,,,,,,,,,,,,,,,,,,,,,,,,,,,,,,,
Health,Mind,Healthy Basics,1,2,Development,1062,1063,Sex for health,A healthy sex life has many benefits for older adults,"Having sex is a really important part of overall health and happiness, and people that have it, tend to live longer, this article talks about the benefits of a healthy sex life for older adults.","Some of the benefits you can get from sex include lowering blood pressure, burning calories, increasing heart health, strengthening muscles, reducing your risk of heart disease, stroke, and help with pain as well as easing stress.",Read,All,,,,60-99,Male;Female;Non-conforming,"Working, Retired, Not-Working",https://pubmed.ncbi.nlm.nih.gov/23160504/,,UCL,Company,https://www.ucl.ac.uk/news/2018/dec/study-shows-benefits-sex-older-adults,Online,N/A,Free,No,None,,,3.2,https://uk.trustpilot.com/review/ucl.ac.uk,N/A,Yearly,,Psychology today,Content writer,https://www.psychologytoday.com/us/blog/life-refracted/201707/benefits-sex-after-50,Online,N/A,Free,No,None,,,1.7,https://uk.trustpilot.com/review/www.psychologytoday.com,N/A,Yearly,,Everydays,Content writer,https://everdays.com/resources/is-sex-healthy-for-seniors/,Online,N/A,Free,No,None,,,4.3,https://uk.trustpilot.com/review/everdays.com,N/A,6 monthly,,,,,,,,,,,,,,,,
Health,Mind,Healthy Basics,1,2,Maintenance,1063,,Have more sex,Improve your sex life,"Start working on improving your sex life to create a healthy habit and receive all the physical, mental and emotional benefits that come with it.",,Sign up,All,Weekly,Psychology today,https://www.psychologytoday.com/us/blog/life-refracted/201707/benefits-sex-after-50,60-99,Male;Female;Non-conforming,"Working, Retired, Not-Working",https://pubmed.ncbi.nlm.nih.gov/23160504/,,Psychology today,Content writer,https://www.psychologytoday.com/us/blog/life-refracted/201707/benefits-sex-after-50,Online,N/A,Free,No,None,,,1.7,https://uk.trustpilot.com/review/www.psychologytoday.com,N/A,Yearly,G,,,,,,,,,,,,,,,G,,,,,,,,,,,,,,,G,,,,,,,,,,,,,,,
Health,Mind,Healthy Basics,1,2,Development,1064,1065,Sex for health,Having a healthy sex life has many benefits,"Having sex is a really important part of overall health and happiness, and people that have it, tend to live longer, this article talks about the benefits of a healthy sex life.","Some of the benefits you can get from sex include lowering blood pressure, burning calories, increasing heart health, strengthening muscles, reducing your risk of heart disease, stroke, and help with pain as well as easing stress.",Read,All,,,,16-59,"Male, Female, Non-conforming","Working, Retired, Not-Working",https://www.tandfonline.com/doi/abs/10.1080/0092623X.2013.811450,,Web md,Company,https://www.webmd.com/sex-relationships/guide/sex-and-health,Online,N/A,Free,No,None,,,3.5,https://uk.trustpilot.com/review/www.webmd.com,N/A,Yearly,,Medical news today,Content writer,https://www.medicalnewstoday.com/articles/how-often-do-couples-have-sex,Online,N/A,Free,No,None,,,2,https://uk.trustpilot.com/review/www.medicalnewstoday.com,N/A,Yearly,,The healthy,Content writer,https://www.thehealthy.com/sex/health-benefits-of-sex/,Online,N/A,Free,No,None,,,N/A,N/A,N/A,Quarterly,,,,,,,,,,,,,,,,
Health,Mind,Healthy Basics,1,2,Maintenance,1065,,Have more sex,Improve your sex life,"Start working on improving your sex life to create a healthy habit, to receive all the physical, mental and emotional benefits that come with it.",,Sign up,All,Weekly ,Medical news today,https://www.medicalnewstoday.com/articles/how-often-do-couples-have-sex,16-59,"Male, Female, Non-conforming","Working, Retired, Not-Working",https://www.tandfonline.com/doi/abs/10.1080/0092623X.2013.811450,,Medical news today,Content writer,https://www.medicalnewstoday.com/articles/how-often-do-couples-have-sex,Online,N/A,Free,No,None,,,2,https://uk.trustpilot.com/review/www.medicalnewstoday.com,N/A,Yearly,,,,,,,,,,,,,,,,,,,,,,,,,,,,,,,,,,,,,,,,,,,,,,
Health,Mind,Healthy Basics,1,2,Development,1066,1067,Get some sleep,Learn about the importance of getting enough sleep,"Just as eating nutritious food, drinking water, and exercising regularly is important, getting quality sleep is a crucial component for overall health.","Sleep helps to restore the body and improves energy levels, waking up well-rested can have a positive impact on your mood, your mental health, reducing both anxiety and stress, sleep can also help with weight loss, strengthen heart and immune system.",Read,All,,,,0-99,"Male, Female, Non-conforming","Working, Retired, Not-Working",https://www.ncbi.nlm.nih.gov/pmc/articles/PMC6281147/,,Medical news today,Content writer,https://www.medicalnewstoday.com/articles/325353,Online,N/A,Free,No,None,,,2,https://uk.trustpilot.com/review/www.medicalnewstoday.com,N/A,Yearly,,Morning life,Content writer,https://morninglife.co.uk/how-to-get-8-hours-of-sleep/,Online,N/A,Free,No,None,,,N/A,N/A,N/A,Quarterly,,Very well health,Content writer,https://www.verywellhealth.com/why-you-should-never-regret-a-good-night-s-sleep-5088198,Online,N/A,Free,No,None,,,N/A,N/A,N/A,Quarterly,,,,,,,,,,,,,,,,
Health,Mind,Healthy Basics,1,2,Maintenance,1067,,Improve your sleep,Work on making sure you get enough sleep,Start working on getting into a sleeping routine to help improve your overall health and wellbeing.,,Sign up,All,Daily,Morning life,https://morninglife.co.uk/how-to-get-8-hours-of-sleep/,0-99,"Male, Female, Non-conforming","Working, Retired, Not-Working",https://www.ncbi.nlm.nih.gov/pmc/articles/PMC6281147/,,Morning life,Content writer,https://morninglife.co.uk/how-to-get-8-hours-of-sleep/,Online,N/A,Free,No,None,,,N/A,N/A,N/A,Quarterly,,,,,,,,,,,,,,,,,,,,,,,,,,,,,,,,,,,,,,,,,,,,,,
Health,Mind,Preventative care,2,1,Development,1068,1069,Calm sleep music,Learn about how listening to music can get you to sleep,"Struggling to sleep? Maybe listening to music can help you drift off to sleep, learn more about using music to help improve your sleep.","Music is a powerful art form that can offer a simple way to improve sleep hygiene, improving your ability to fall asleep quickly, sleep deeply and awake feeling more rested.",Visit site,All,,,,0-99,"Male, Female, Non-conforming","Working, Retired, Not-Working",https://onlinelibrary.wiley.com/doi/abs/10.1111/j.1365-2648.2009.04982.x,,Yellow brick cinema,Content writer,https://www.youtube.com/watch?v=6dZHGDzFXmY&list=PLQkQfzsIUwRYwVveZoqE-HUxv84Zknrsi,Online,N/A,Free,No,None,,,N/A,N/A,N/A,Quarterly,,Psychology today,Content writer,https://www.psychologytoday.com/us/blog/sleep-newzzz/201812/the-many-health-and-sleep-benefits-music,Online,N/A,Free,No,None,,,1.7,https://uk.trustpilot.com/review/www.psychologytoday.com,N/A,Yearly,,Sleep foundation,Charity,https://www.sleepfoundation.org/noise-and-sleep/music,Online,N/A,Free,No,None,,,3.3,https://uk.trustpilot.com/review/sleepfoundation.org,N/A,Yearly,,,,,,,,,,,,,,,,
Health,Mind,Preventative care,2,1,Maintenance,1069,,Music and sleep,8 hours of sleep music for a better night's sleep,"Listen to this playlist of calming relaxing music, to help you have a better night's sleep and create a better sleep habit.",,Sign up,All,Daily,Yellow brick cinema,https://www.youtube.com/watch?v=6dZHGDzFXmY&list=PLQkQfzsIUwRYwVveZoqE-HUxv84Zknrsi,0-99,"Male, Female, Non-conforming","Working, Retired, Not-Working",https://onlinelibrary.wiley.com/doi/abs/10.1111/j.1365-2648.2009.04982.x,,Yellow brick cinema,Content writer,https://www.youtube.com/watch?v=6dZHGDzFXmY&list=PLQkQfzsIUwRYwVveZoqE-HUxv84Zknrsi,Online,N/A,Free,No,None,,,N/A,N/A,N/A,Quarterly,,,,,,,,,,,,,,,,,,,,,,,,,,,,,,,,,,,,,,,,,,,,,,
Health,Mind,Preventative care,2,1,Development,1070,1071,Quality sleep,Learn how to increase the quality of your sleep,"Among the most common problems related to aging is sleep quality, with over half of adults reporting symptoms of insomnia. Learn how to better increase your sleep quality for a better night’s sleep.","While duration is key, sleep quality is often overlooked. Even if you get your 8 hours of sleep, you may still wake up feeling lethargic and tired, relying on coffee, and wishing you could go back to sleep. If so, there's a good chance your sleep quality needs some work.",Read,All,,,,0-99,"Male, Female, Non-conforming","Working, Retired, Not-Working",https://academic.oup.com/sleep/article/33/4/509/2454611,,The NSF,Charity,https://www.thensf.org/10-sleep-tips-sleep-quality/,Online,N/A,Free,No,None,,,N/A,N/A,N/A,Quarterly,,BSLM,Charity,https://bslm.org.uk/the-importance-of-good-quality-sleep/,Online,N/A,Free,No,None,,,N/A,N/A,N/A,Quarterly,,National sleep foundation,Charity,https://www.thensf.org/what-is-sleep-quality/,Online,N/A,Free,No,None,,,N/A,N/A,N/A,Quarterly,,,,,,,,,,,,,,,,
Health,Mind,Preventative care,2,1,Maintenance,1071,,Boost sleep quality,Start increasing the quality of your sleep,"Start working on improving your sleep quality, build a healthy habit of good night's restful sleep.",,Sign up,All,Daily,The NSF,https://www.thensf.org/10-sleep-tips-sleep-quality/,0-99,"Male, Female, Non-conforming","Working, Retired, Not-Working",https://academic.oup.com/sleep/article/33/4/509/2454611,,The NSF,Charity,https://www.thensf.org/10-sleep-tips-sleep-quality/,Online,N/A,Free,No,None,,,N/A,N/A,N/A,Quarterly,,,,,,,,,,,,,,,,,,,,,,,,,,,,,,,,,,,,,,,,,,,,,,
Community,Expand,Giving back,5,1,Development,1072,1073,Fundraising ,Learn more about fundraising ,"Learn more about fundraising for a charity that's either close to your heart or for a local charity, and start making a difference.",Fundraising to support charities is of great value. Helping charities to continue their important work. ,Read,All,,,,0-99,"Male, Female, Non-conforming","Working, Retired, Not-Working",,,Easy fundraising,Charity ,https://www.easyfundraising.org.uk/fundraising-ideas/,Online,N/A,Free,No,None,,,4.6,https://uk.trustpilot.com/review/www.easyfundraising.org.uk,N/A,Yearly,,Gov,Government dept,https://www.gov.uk/guidance/fundraising-legally-and-responsibly,Online,N/A,Free,No,None,,,1.3,https://uk.trustpilot.com/review/www.gov.uk,N/A,Yearly,,Eden project,Company,https://www.edenprojectcommunities.com/ideas/seven-ways-to-fundraise-for-your-community,Online,N/A,Free,No,None,,,N/A,N/A,N/A,Quarterly,,Fundraising regulator,Charity,https://www.fundraisingregulator.org.uk/guidance/topics/community-fundraising-and-events,Online,N/A,Free,No,None,,,N/A,N/A,N/A,Quarterly,
Community,Expand,Giving back,5,1,Maintenance,1073,,Start fundraising,Start fundraising for your community,Start planning regular fundraisers and make a difference. ,,Sign up,All,6 months,Easy fundraising,https://www.easyfundraising.org.uk/fundraising-ideas/,0-99,"Male, Female, Non-conforming","Working, Retired, Not-Working",,,Easy fundraising,Charity,https://www.easyfundraising.org.uk/fundraising-ideas/,Online,N/A,Free,No,None,,,4.6,https://uk.trustpilot.com/review/www.easyfundraising.org.uk,N/A,Yearly,,,,,,,,,,,,,,,,,,,,,,,,,,,,,,,,,,,,,,,,,,,,,,
Community,Expand,Inner circle - partner and family,1,2,Development,1074,1075,Relationship tips,Understand the importance of working on your relationship,"Learn about the importance of working on, and improving your relationship with your partner, as well as tips to use to benefit those relationship.","Social connections help to influence our long-term health in ways every bit as powerful as adequate sleep and a good diet. Studies have shown that people who have social support from family, friends, and their community are happier, have fewer health problems, and live longer.",Read,All,,,,0-99,"Male, Female, Non-conforming","Working, Retired, Not-Working",https://academic.oup.com/gerontologist/article/38/5/618/593836,,Psych central,Content writer,https://psychcentral.com/lib/simple-steps-to-improve-your-relationship#general-strategies,Online,N/A,Free,No,None,,,N/A,N/A,N/A,Quarterly,G,Help guide,Content writer,https://www.helpguide.org/articles/relationships-communication/relationship-help.htm,Online,N/A,Free,No,None,,,N/A,N/A,N/A,Quarterly,G,Very well mind,Content writer,https://www.verywellmind.com/7-surprising-ways-to-make-your-relationship-better-5094212,Online,N/A,Free,No,None,,,N/A,N/A,N/A,Quarterly,G,,,,,,,,,,,,,,,
Community,Expand,Inner circle - partner and family,1,2,Maintenance,1075,,Relationship tips,Start working on improving your relationship,Start implementing relationship tips to develop healthy habits and work on your relationship with your partner at the same time. ,,Sign up,All,Daily,Very well mind,https://www.verywellmind.com/7-surprising-ways-to-make-your-relationship-better-5094212,0-99,"Male, Female, Non-conforming","Working, Retired, Not-Working",https://academic.oup.com/gerontologist/article/38/5/618/593836,,Very well mind,Content writer,https://www.verywellmind.com/7-surprising-ways-to-make-your-relationship-better-5094212,Online,N/A,Free,No,None,,,N/A,N/A,N/A,Quarterly,,,,,,,,,,,,,,,,,,,,,,,,,,,,,,,,,,,,,,,,,,,,,,
Community,Contribute,Inner circle - partner and family,1,3,Development,1076,1077,Marriage guidance,Learn more about the benefits of marriage guidance,Learn more about improving your marriage to help you have a healthy supportive marriage.,"A good supportive relationship has many health benefits, but sometimes we need a bit of help getting back to a happy relationship, consider seeking marriage guidance and counselling to put your relationship back on track.",Visit site,UK,,,,0-99,"Male, Female, Non-conforming","Working, Retired, Not-Working",https://academic.oup.com/gerontologist/article/38/5/618/593836,,Relate,Charity,https://www.relate.org.uk/,Online,N/A,Paid,??,None,,,2.1,https://uk.trustpilot.com/review/www.relate.org.uk,N/A,Yearly,,Marriage,Content writer,https://www.marriage.com/advice/counseling/4-benefits-of-marriage-counseling/,Online,N/A,Free,No,None,,,3.9,https://uk.trustpilot.com/review/www.marriage.com,N/A,Yearly,,Marriage,Content writer,https://www.marriage.com/advice/relationship/best-marriage-advice/,Online,N/A,Free,No,None,,,3.9,https://uk.trustpilot.com/review/www.marriage.com,N/A,Yearly,,,,,,,,,,,,,,,,
Community,Contribute,Inner circle - partner and family,1,3,Maintenance,1077,,Marriage guidance,Start marriage guidance,Seek marriage guidance to help get your relationship back on track and build a habit of working on your relationship regularly.,,Sign up,All,Weekly ,Relate,https://www.relate.org.uk/,0-99,"Male, Female, Non-conforming","Working, Retired, Not-Working",https://academic.oup.com/gerontologist/article/38/5/618/593836,,Relate,Charity,https://www.relate.org.uk/,Online,N/A,Paid,??,None,,,2.1,https://uk.trustpilot.com/review/www.relate.org.uk,N/A,Yearly,,,,,,,,,,,,,,,,,,,,,,,,,,,,,,,,,,,,,,,,,,,,,,
Health,Body,Diagnostic,3,1,Development,1078,1079,Listen to your body,Learn the importance of listening to your body,"Learn why and how to listen to your body. Our bodies know exactly what we need, learning how to listen, to better be there for yourself.","Being able to learn to listen and understand your body is an essential part of living a healthy life. This fundamental thing is as important as having a healthy mindset and should be a part of the daily routine, the same as exercise, nutrition, and good life choices.",Read,All,,,,0-99,"Male, Female, Non-conforming","Working, Retired, Not-Working",https://www.tandfonline.com/doi/full/10.1080/21679169.2020.1845792,,Medium,Content writer,https://medium.com/live-your-life-on-purpose/learn-to-listen-to-your-body-3-useful-techniques-f135699d280f,Online,N/A,Free,No,None,,,1.9,https://uk.trustpilot.com/review/medium.com,N/A,6 monthly,,Web md,Company,https://www.webmd.com/a-to-z-guides/ss/slideshow-listen-to-body,Online,N/A,Free,No,None,,,3.5,https://uk.trustpilot.com/review/www.webmd.com,N/A,Yearly,,Amelia Freer,Content writer,https://ameliafreer.com/article/the-importance-of-listening-to-your-body/,Online,N/A,Free,No,None,,,N/A,N/A,N/A,Quarterly,,,,,,,,,,,,,,,,
Health,Body,Diagnostic,3,1,Maintenance,1079,,Listen to your body,Learn to listen to your body,Start listening to your body to not only create a healthy habit but also putting yourself first.,,Sign up,All,Daily,Web md,https://www.webmd.com/a-to-z-guides/ss/slideshow-listen-to-body,0-99,"Male, Female, Non-conforming","Working, Retired, Not-Working",https://www.tandfonline.com/doi/full/10.1080/21679169.2020.1845792,,Web md,Company,https://www.webmd.com/a-to-z-guides/ss/slideshow-listen-to-body,Online,N/A,Free,No,None,,,3.5,https://uk.trustpilot.com/review/www.webmd.com,N/A,Yearly,G,,,,,,,,,,,,,,,G,,,,,,,,,,,,,,,G,,,,,,,,,,,,,,,
Health,Nutrition,Healthy Basics,1,3,Development,1080,1081,Drink more water,Importance of staying hydrated,"Drinking water does more than just quench your thirst. It's essential to keep your body functioning properly and feeling healthy, learn more about the importance of staying hydrated. ","Water is important in your body – from removing waste products in urine, to lubricating your joints, transporting nutrients around your body, and controlling your temperature. It can even help make your skin look good. ",Read,All,,,,0-99,"Male, Female, Non-conforming","Working, Retired, Not-Working",https://onlinelibrary.wiley.com/doi/abs/10.1111/j.1466-7657.2004.00224.x,,Plant nanny,Company,https://plantnanny.app/,Online,N/A,Free,??,None,,,N/A,N/A,N/A,Quarterly,,Healthline,Content writer,https://www.healthline.com/health/food-nutrition/why-is-water-important,Online,N/A,Free,No,None,,,1.5,https://uk.trustpilot.com/review/www.healthline.com,N/A,Yearly,,Medical news today,Content writer,https://www.medicalnewstoday.com/articles/290814,Online,N/A,Free,No,None,,,2,https://uk.trustpilot.com/review/www.medicalnewstoday.com,N/A,Yearly,,,,,,,,,,,,,,,,
Health,Nutrition,Healthy Basics,1,3,Maintenance,1081,,Drink more water,Monitor and track your water intake with this cute game,Start tracking your intake daily to help create a healthy hydrated habit.,,Sign up,All,Daily,Plant nanny,https://plantnanny.app/,0-99,"Male, Female, Non-conforming","Working, Retired, Not-Working",https://onlinelibrary.wiley.com/doi/abs/10.1111/j.1466-7657.2004.00224.x,,Plant nanny,Company,https://plantnanny.app/,Online,N/A,Free,??,None,,,N/A,N/A,N/A,Quarterly,,,,,,,,,,,,,,,,,,,,,,,,,,,,,,,,,,,,,,,,,,,,,,
Health,Exercise,Healthy Basics,1,2,Development,1082,1083,Breathing exercises,Read more about the benefits of breathing exercises,"Breathing is something you do tens of thousands of times each day, without even thinking about it. Learn more about using breathing as a life-enhancing tool.","Breathing exercises not only improve your respiratory health, but they can also help build strength and stamina, as well as improve general mood and wellbeing.",Read,All,,,,0-45,"Male, Female, Non-conforming","Working, Retired, Not-Working","https://www.scielo.br/j/clin/a/ZRYgFMXwkPD6WRhJtLzqB3c/abstract/?lang=en, https://europepmc.org/article/med/3292262",,Very well mind,Content writer,https://www.verywellmind.com/the-benefits-of-deep-breathing-5208001,Online,N/A,Free,No,None,,,N/A,N/A,N/A,Quarterly,,Healthline,Content writer,https://www.healthline.com/health/how-to-increase-lung-capacity,Online,N/A,Free,No,None,,,1.5,https://uk.trustpilot.com/review/www.healthline.com,N/A,Yearly,,Harvard,Company,https://www.health.harvard.edu/staying-healthy/breathing-your-way-to-better-health,Online,N/A,Free,No,None,,,N/A,N/A,N/A,Quarterly,,,,,,,,,,,,,,,,
Health,Exercise,Healthy Basics,1,2,Maintenance,1083,,Just breathe,Breathing exercises to improve respiratory health ,Different breathing exercises you can try to help improve your respiratory health.,,Sign up,All,Daily,Healthline,https://www.healthline.com/health/how-to-increase-lung-capacity,0-45,"Male, Female, Non-conforming","Working, Retired, Not-Working","https://www.scielo.br/j/clin/a/ZRYgFMXwkPD6WRhJtLzqB3c/abstract/?lang=en, https://europepmc.org/article/med/3292262",,Healthline,Content writer,https://www.healthline.com/health/how-to-increase-lung-capacity,Online,N/A,Free,No,None,,,1.5,https://uk.trustpilot.com/review/www.healthline.com,N/A,Yearly,G,,,,,,,,,,,,,,,G,,,,,,,,,,,,,,,G,,,,,,,,,,,,,,,
Health,Exercise,Healthy Basics,1,2,Development,1084,1085,Breathing exercises,Read more about the benefits of breathing exercises,"Breathing is something you do tens of thousands of times each day, without even thinking about it. Learn more about using breathing as a life-enhancing tool.","Breathing exercises not only improve your respiratory health, but they can also help build strength and stamina, as well as improve general mood and wellbeing.",Read,All,,,,46-99,"Male, Female, Non-conforming","Working, Retired, Not-Working","https://www.scielo.br/j/clin/a/ZRYgFMXwkPD6WRhJtLzqB3c/abstract/?lang=en, https://europepmc.org/article/med/3292262",,Regina Lawrence,Content writer ,https://reginalawrence.com/2022/09/05/the-health-benefits-of-breathing-exercises-for-seniors/,Online,N/A,Free,No,None,,,N/A,N/A,N/A,Quarterly,,Elderly gym ,Content writer ,https://eldergym.com/elderly-breathing/,Online,N/A,Free,No,None,,,N/A,N/A,N/A,Quarterly,,Harvard,Company,https://www.health.harvard.edu/staying-healthy/breathing-your-way-to-better-health,Online,N/A,Free,No,None,,,N/A,N/A,N/A,Quarterly,,,,,,,,,,,,,,,,
Health,Exercise,Healthy Basics,1,2,Maintenance,1085,,Just breathe,Breathing exercises to improve respiratory health ,"Different breathing exercises you can try, to help improve your respiratory health.",,Sign up,All,Daily,Elderly gym ,https://eldergym.com/elderly-breathing/,46-99,"Male, Female, Non-conforming","Working, Retired, Not-Working","https://www.scielo.br/j/clin/a/ZRYgFMXwkPD6WRhJtLzqB3c/abstract/?lang=en, https://europepmc.org/article/med/3292262",,Elderly gym ,Content writer ,https://eldergym.com/elderly-breathing/,Online,N/A,Free,No,None,,,N/A,N/A,N/A,Quarterly,,,,,,,,,,,,,,,,,,,,,,,,,,,,,,,,,,,,,,,,,,,,,,
Health,Mind,Healthy Basics,1,3,Development,1086,,Carbon monoxide checks,Learn about the importance of gas safety checks,Learn about the importance of having gas safety checks and carbon monoxide detectors to keep you and your family safe.,"Carbon monoxide is an odourless and colourless gas that poses a severe health risk, as it’s highly toxic to humans. Having gas safety checks as well as a carbon monoxide detector can help keep you safe.",Read,All,,,,0-99,"Male, Female, Non-conforming","Working, Retired, Not-Working",,,Parkstone Yorkshire,Content writer ,https://www.parkstone-yorkshire.co.uk/safety-first-understanding-the-importance-of-a-gas-safety-check/,Online,N/A,Free,No,None,,,N/A,N/A,N/A,Quarterly,,Gas safe register,Company,https://www.gassaferegister.co.uk/gas-safety/home-gas-safety/check-your-gas-appliances/,Online,N/A,Free,No,None,,,1.4,https://uk.trustpilot.com/review/www.gassaferegister.co.uk,N/A,Quarterly,,CM detectors,Company,https://cmdetectors.com/blog/why-do-i-need-carbon-monoxide-detectors/,Online,N/A,Free,No,None,,,N/A,N/A,N/A,Quarterly,,,,,,,,,,,,,,,,
Health,Nutrition,Diagnostic,3,1,Development,1087,1088,Eat more nuts ,Eating nuts can help you live longer,"Eating more nuts can help you live longer and have lower rates of heart disease, diabetes, and some types of cancer. Eating a handful of nuts a day can go a long way in benefitting your health.","Eating nuts as part of a healthy diet may be good for the heart. Nuts contain unsaturated fatty acids and other nutrients. They are a great inexpensive snack food, easy to store and easy to pack when you're on the go.",Read,UK,,,,0-99,"Male, Female, Non-conforming","Working, Retired, Not-Working","https://www.mdpi.com/2076-3921/8/8/302, https://academic.oup.com/ajcn/article/70/3/500s/4714957",,Life time daily ,Content writer ,https://www.lifetimedaily.com/what-are-the-healthiest-nuts/,Online,N/A,Free,No,None,,,N/A,N/A,N/A,Quarterly,,BBC,Company,https://www.bbcgoodfood.com/howto/guide/health-benefits-nuts,Online,N/A,Free,No,None,,,1.9,https://uk.trustpilot.com/review/www.bbcgoodfood.com,N/A,Yearly,,Nutmad,Company,https://nutmad.com/shop/healthy-snack-box-subscription/,Online,N/A,Paid,Yes (nsu),None,,,N/A,N/A,N/A,Quarterly,G,,,,,,,,,,,,,,,
Health,Nutrition,Diagnostic,3,1,Maintenance,1088,,Nut Subscription ,Get a healthy nutty subscription box,"With all the health benefits of eating nuts, add more nuts to your diet with a subscription service to get a delivery of nuts straight to your door.",,Sign up,UK,Weekly,Nutmad,https://nutmad.com/shop/healthy-snack-box-subscription/,0-99,"Male, Female, Non-conforming","Working, Retired, Not-Working","https://www.mdpi.com/2076-3921/8/8/302, https://academic.oup.com/ajcn/article/70/3/500s/4714957",,Nutmad,Company,https://nutmad.com/shop/healthy-snack-box-subscription/,Online,N/A,Paid,Yes (nsu),None,,,N/A,N/A,N/A,Quarterly,,,,,,,,,,,,,,,,,,,,,,,,,,,,,,,,,,,,,,,,,,,,,,
Health,Mind,Advanced brain & body fitness,4,2,Development,1089,1090,Try hypnotherapy ,Try online hypnotherapy ,Try online hypnotherapy to help you to relive stress.,"Hypnotherapy, or clinical hypnosis, is a treatment where you're guided into a deeply relaxed state of highly focused awareness to affect change. In conjunction with other therapies, hypnosis has been found to be an effective treatment for chronic stress and related issues.",Visit site,UK,,,,0-99,"Male, Female, Non-conforming","Working, Retired, Not-Working",http://www.ijnms.net/index.php/ijnms/article/view/8,,Hypnotherapy online,Company ,https://www.hypnotherapyonline.uk/,Online,N/A,Paid,??,None,,,N/A,N/A,N/A,Quarterly,,Voice stories app,Company,https://voice-stories.app/,Online,N/A,Free,??,None,,,N/A,N/A,N/A,Quarterly,,Hypnotherapist,Company,https://www.hypnotherapists.org.uk/hypnotherapy/benefits/,Online,N/A,Free,No,None,,,N/A,N/A,N/A,Quarterly,,,,,,,,,,,,,,,,
Health,Mind,Advanced brain & body fitness,4,2,Maintenance,1090,,Find a hypnotherapist,Find a hypnotherapist in your area ,"Find a hypnotherapist for in person sessions, to help you gain all the benefits that hypnotherapy has to offer.",,Visit site,UK,Weekly,Hypnotherapist ,https://www.hypnotherapists.org.uk/therapist-finder/,0-99,"Male, Female, Non-conforming","Working, Retired, Not-Working",http://www.ijnms.net/index.php/ijnms/article/view/8,,Hypnotherapist ,Charity,https://www.hypnotherapists.org.uk/therapist-finder/,Online,N/A,Paid,No,None,,,N/A,N/A,N/A,Quarterly,,,,,,,,,,,,,,,,,,,,,,,,,,,,,,,,,,,,,,,,,,,,,,
Health,Mind,Optimal health,5,2,Development,1091,1092,Mental health course,Learn about the importance of mental health courses,Learn about the importance of understanding mental health and well-being.,"Our mental health directly influences how we think, feel and act, it also affects our physical health. Having an understanding of mental health and wellbeing can not only impact and improve our mental health but also those who are in our lives.",Read,All,,,,0-99,"Male, Female, Non-conforming","Working, Retired, Not-Working",https://link.springer.com/article/10.1186/s12888-017-1356-5,,Mental health courses,Charity,https://mentalhealthcourses.org.uk/,Online,N/A,Free,No,None,,,N/A,N/A,N/A,Quarterly,,Learn direct,Company,https://www.learndirect.com/blog/the-importance-of-understanding-mental-health,Online,N/A,Free,No,None,,,4.7,https://uk.trustpilot.com/review/www.learndirect.com,N/A,Yearly,,Red cross,Charity,https://blog.redcrossfirstaidtraining.co.uk/7-advantages-of-mental-health-training-that-will-help-deliver-value,Online,N/A,Free,No,None,,,4.9,https://uk.trustpilot.com/review/redcrossfirstaidtraining.co.uk,N/A,Yearly,,,,,,,,,,,,,,,,
Health,Mind,Optimal health,5,2,Maintenance,1092,,Mental health course,Take a mental health course,Sign up to take a mental health course and build a healthy understanding of improving mental health.,,Sign up,All,Weekly,Mental health courses,https://mentalhealthcourses.org.uk/,0-99,"Male, Female, Non-conforming","Working, Retired, Not-Working",https://link.springer.com/article/10.1186/s12888-017-1356-5,,Mental health courses,Charity,https://mentalhealthcourses.org.uk/,Online,N/A,Free,No,None,,,N/A,N/A,N/A,Quarterly,,,,,,,,,,,,,,,,,,,,,,,,,,,,,,,,,,,,,,,,,,,,,,
Wealth,Manage,Financial security,3,3,Development,1093,,Trace lost money,Learn to see if you have any forgotten inactive accounts,"Learn more about inactive accounts, and how to see if you might have inactive accounts.","In the UK, there are millions of pounds in inactive accounts that remain unclaimed. Learn more about how to check to see if you have any dormant bank accounts, pensions, insurance policies or premium bonds.   ",Read,UK,,,,0-59,"Male, Female, Non-conforming","Working, Retired, Not-Working",N/A,,Age UK,Charity,https://www.ageuk.org.uk/information-advice/money-legal/debt-savings/how-to-trace-lost-money/,Online,N/A,Free,No,None,,,1.5,https://uk.trustpilot.com/review/ageuk.co.uk,N/A,Yearly,,Which,Content writer,https://www.which.co.uk/money/savings-and-isas/savings-accounts/how-to-find-lost-bank-and-savings-accounts-aU2w07j7905s,Online,N/A,Free,No,None,,,1.6,https://uk.trustpilot.com/review/www.which.co.uk,N/A,Yearly,,Money saving expert,Content writer,https://www.moneysavingexpert.com/reclaim/reclaim-lost-assets-free/,Online,N/A,Free,No,None,,,2,https://uk.trustpilot.com/review/www.moneysavingexpert.com,N/A,Yearly,,#ERROR!,#ERROR!,#ERROR!,#ERROR!,#ERROR!,#ERROR!,#ERROR!,#ERROR!,#ERROR!,#ERROR!,#ERROR!,#ERROR!,#ERROR!,#ERROR!,
Wealth,Manage,Financial security,3,3,Development,1094,,Trace old pensions,Learn how to track down all your different pension schemes,"Learn more about how to track down all your different old or lost pension schemes that both you or an employer paid into, help make sure you're claiming everything you're entitled to in retirement.","It’s not always easy to keep track of all your pensions, especially if you’ve been in more than one scheme or have changed employers throughout your career. The easiest way to claim any lost pensions is to trace them,  make sure you get all that is owed to you.",Read,UK,,,,0-59,"Male, Female, Non-conforming","Working, Retired, Not-Working",N/A,,Age UK,Charity,https://www.ageuk.org.uk/information-advice/money-legal/pensions/tracing-old-pensions/,Online,N/A,Free,No,None,,,1.5,https://uk.trustpilot.com/review/ageuk.co.uk,N/A,Yearly,,Gov,Government dept,https://www.gov.uk/government/news/new-pension-tracing-service-website-launched,Online,N/A,Free,No,None,,,2.6,https://uk.trustpilot.com/review/www.tax.service.gov.uk,N/A,Yearly,,AJ Bell,Company,https://www.ajbell.co.uk/find-my-pension?gclid=c78ba4fec26a1562676ac0bb9ef3b900,Online,N/A,Free,No,None,,,4.7,https://uk.trustpilot.com/review/ajbell.co.uk,N/A,Yearly,,#ERROR!,#ERROR!,#ERROR!,#ERROR!,#ERROR!,#ERROR!,#ERROR!,#ERROR!,#ERROR!,#ERROR!,#ERROR!,#ERROR!,#ERROR!,#ERROR!,